[
    {
        "title": "book 1",
        "author": "author 1",
        "isbn": 38529,
        "year": 2023,
        "price": 200,
        "quantity": 20,
        "bookAddedAt": "11-12-2024 22:06:44",
        "bookLastUpdatedAt": "11-12-2024 22:08:00"
    },
    {
        "title": "a",
        "author": "s",
        "isbn": 12176,
        "year": 3,
        "price": 4,
        "quantity": 2,
        "bookAddedAt": "12-12-2024 17:01:21",
        "bookLastUpdatedAt": ""
    },
    {
        "title": "d",
        "author": "f",
        "isbn": 64049,
        "year": 3,
        "price": 4,
        "quantity": 5,
        "bookAddedAt": "12-12-2024 17:04:36",
        "bookLastUpdatedAt": ""
    }
]